<?xml version="1.0" encoding="UTF-8" ?>
<!DOCTYPE mapper
        PUBLIC "-//mybatis.org//DTD Mapper 3.0//EN"
        "http://mybatis.org/dtd/mybatis-3-mapper.dtd">
<mapper namespace="qiannian.login.mapper.UsersMapper">

    <select id="login" resultType="qiannian.login.entity.Users">
        select * from users where phone = #{phone}
    </select>

    <insert id="register" parameterType="qiannian.login.entity.Users">
        insert into users (phone, password, name, avatar)
        values (#{phone}, #{password}, #{name}, #{avatar})
    </insert>

    <update id="updateUserInfo" parameterType="qiannian.login.entity.Users">
        update users
        <set>
            <if test="name != null and name != ''">name = #{name},</if>
            <if test="avatar != null and avatar != ''">avatar = #{avatar},</if>
            <if test="gender != null and gender != ''">gender = #{gender},</if>
            <if test="birthday != null and birthday != ''">birthday = #{birthday},</if>
            <if test="address != null and address != ''">address = #{address}</if>
        </set>
        where phone = #{phone}
    </update>

    <!-- 检查新手机号是否存在 -->
    <select id="checkPhoneExists" parameterType="String" resultType="int">
        select count(1) from users where phone = #{newphone}
    </select>

    <!-- 修改手机号 -->
    <update id="updatePhone" parameterType="map">
        update users set phone = #{newphone} where phone = #{oldphone}
    </update>


</mapper>